{
  "Standard_DPO": {
    "arc_easy": 63.76262626262626,
    "gsm8k": 33.88931008339651,
    "hellaswag": 61.64110734913364,
    "truthfulqa_mc2": 43.447213711377344,
    "winogrande": 61.79952644041041,
    "mmlu": 48.49510761562017,
    "OLL_Average": 52.17248191042739
  },
  "Random_DPO": {
    "arc_easy": 64.01515151515152,
    "gsm8k": 33.73768006065201,
    "hellaswag": 61.91993626767576,
    "truthfulqa_mc2": 43.51045937941066,
    "winogrande": 61.56274664561957,
    "mmlu": 48.84913617332367,
    "OLL_Average": 52.26585167363887
  }
}